supplier_id,supplier_name,contact_email,phone_number
1,"Stanley, Robles and Adams",johnsonalbert@yahoo.com,(742)436-1256
2,Orr PLC,dmarshall@harvey.com,+1-828-307-6097x3209
3,"Marks, Johns and Russell",james24@mcintosh.biz,001-487-667-7127x9251
4,Hopkins PLC,brian51@poole.biz,5050017142
5,Stanton PLC,rebecca11@reyes-montoya.com,503.007.4368x9581
6,"Santos, Baxter and Morton",rmendoza@becker-lee.info,(061)519-8440
7,"Meyers, Williams and King",franklinryan@gmail.com,+1-543-972-3885x415
8,Schneider PLC,toddtyler@gmail.com,302.286.0908x042
9,Davis and Sons,vbond@sparks.info,(394)508-7533
10,Rowe Group,crawfordbrent@gmail.com,+1-482-561-6886
11,"Huff, Miller and Peterson",casey06@gmail.com,001-976-686-4286x35817
12,Peterson-Russell,nealchad@james.com,+1-588-651-9255x1524
13,Dawson-Evans,nathanpitts@johns.com,(257)155-5815x342
14,Palmer PLC,gregory20@garcia.com,984-199-3283x1197
15,"Rivera, Barr and Gill",shannonatkinson@cooper-castillo.com,442.834.8166x0702
16,"Jackson, Lopez and Johnson",salasrichard@gaines.com,001-078-071-6852x7646
17,"Harris, Howard and Camacho",maurice25@hotmail.com,084.605.2783
18,Robbins-Callahan,lucaskayla@clark.com,+1-443-460-6235
19,"Davila, Fernandez and Bowman",eklein@humphrey.com,(924)588-5792
20,"Lee, Golden and Morris",billyfox@alvarez.com,+1-505-103-6599x1080
21,"Jones, Mcbride and Garcia",phicks@yahoo.com,001-834-802-4962
22,"Berger, Mckenzie and Montoya",johnlee@hotmail.com,747.465.1222
23,Murphy-Carrillo,jamesbrown@butler-randolph.org,624-292-9328x024
24,Figueroa-Thomas,nelsongary@moore-peters.com,214-651-0121
25,"Harvey, Roberts and Deleon",sheri49@yahoo.com,001-487-070-8299
26,Benton-Peters,james91@lane.org,+1-991-169-8289
27,"York, Sutton and Smith",blackalicia@campbell.info,573-460-2013x981
28,Hensley-Adams,davidramirez@gmail.com,(620)248-8375
29,Tran-Newman,cody76@johnson.com,001-790-130-7556x69602
30,"Davila, Beasley and Hahn",mollypetty@yahoo.com,(560)170-1750
31,Wilson-Harris,cwilcox@yahoo.com,512.857.3444x531
32,"Andrews, Kennedy and Smith",barronedwin@smith-delgado.com,+1-073-506-0301x81003
33,Gomez-Myers,crystalkelley@simmons.org,742.018.3338x996
34,Hernandez-Smith,bradleykrueger@yahoo.com,743.220.3015
35,Morales-Berry,smiththomas@phelps.com,7399760977
36,Russell-Cisneros,sking@johnson.net,091-467-7579
37,Garcia-Poole,suzanneflores@hotmail.com,(809)435-4849x14035
38,"Oconnell, Kelley and Cunningham",teresa64@hotmail.com,001-461-912-8404x8727
39,Thomas-Adams,spencer21@hotmail.com,+1-218-472-2421
40,Jenkins-Hess,jasmine72@morgan.com,769-081-7306
41,"Clayton, Reeves and Terry",larsonlindsay@hotmail.com,(877)984-3329
42,Brown-Obrien,charlotte50@gmail.com,001-324-380-6227
43,Foster Inc,pattersoncrystal@gmail.com,+1-551-115-7134
44,Jones and Sons,jacobperez@estrada.com,001-105-394-4822
45,Daniels Inc,qclark@gmail.com,1129797988
46,Jones-Bailey,stephensrebecca@chung-grimes.com,(535)188-3517x60855
47,Coleman-Walker,richardglenn@bell-cruz.com,+1-007-102-6232
48,Lopez PLC,justin57@gmail.com,8953339852
49,Hayes Ltd,makaylabowman@hotmail.com,652.605.7177x656
50,Gibson-Johnson,teresalynch@allen.com,(576)697-7484
51,Cervantes Inc,christiansmith@nelson.com,+1-635-010-8551x182
52,Alvarez-Nguyen,shouston@gmail.com,+1-316-945-5272x052
53,Pena-Walsh,jenniferlowe@gmail.com,679.412.0854
54,Duran-Valdez,kent05@gmail.com,001-012-775-0587x751
55,"Reed, Flynn and Bailey",eric62@hotmail.com,(790)468-5610x16947
56,"Ramirez, Mclaughlin and Torres",mezamichael@ortiz-nichols.org,793-542-2854x204
57,Harrison Inc,dylan18@perez.com,367-985-0297x4976
58,Sexton-Barber,laura60@fitzgerald.biz,846-544-4776x46106
59,Williams-Gonzalez,breyes@price-jensen.biz,476.774.4297
60,Carson-Wallace,wilsonrichard@yahoo.com,186-508-3344x9106
61,"Barnett, Collins and Johnson",michaelsalinas@kline.org,+1-559-168-4741x3855
62,Mitchell Ltd,kkim@perkins.com,330.830.6928x097
63,"Richardson, Stevenson and Murphy",brian25@yahoo.com,170.221.0824x0377
64,Conner Inc,stevenhunt@yahoo.com,388-193-0531x5844
65,"Jackson, Cox and Gonzalez",everettheather@khan-hicks.com,+1-639-801-3731
66,Mueller-Jones,plopez@johnson.com,+1-599-292-7772x46232
67,"Smith, Evans and Hernandez",dawn97@snyder.net,608-391-7919
68,Howard Ltd,hmiller@hodges.info,+1-373-751-8683x373
69,Hall-Weber,shawnsmith@hall.net,+1-707-037-5046
70,"Delgado, Walker and Howell",christopherwells@gmail.com,+1-253-406-7166x98787
71,Clark Inc,johncummings@guzman-johnson.com,380.577.2784
72,"Parker, Foster and Hanna",ronaldgeorge@williams.org,(374)460-1146
73,Duran Inc,marissa89@mills.net,(677)951-5097
74,Simpson PLC,dunnglenn@yahoo.com,984-469-6642
75,Johnson and Sons,dustinodonnell@buckley-hall.com,8041521935
76,"Simpson, Kim and Rodriguez",melindaharvey@thomas.com,824.390.0341
77,"Jones, Gomez and Williams",sarahclark@yahoo.com,1330610906
78,"Edwards, Olson and Edwards",ricardohernandez@hotmail.com,657.320.8876x56782
79,"Martinez, Vincent and Smith",pparker@nelson-johnson.com,(060)389-6518x777
80,"Ali, Mccoy and Curry",vlee@jackson-walsh.com,666-336-1172
81,Perkins Ltd,frances87@weaver.biz,(027)392-8762
82,"Strickland, Davis and Harris",shawgregory@hotmail.com,001-859-401-3795x497
83,"Woods, Flores and Lewis",archerpaul@walker-garrett.com,3137560091
84,Zimmerman Inc,gibsonpaul@yahoo.com,968-862-8058x53174
85,Ali LLC,cristinaarnold@terry.net,725-877-4447x641
86,"Orozco, Chambers and Newman",bsilva@sweeney.com,390-557-1545
87,"Brown, Carroll and Brown",johnbarnes@yahoo.com,285-839-6782x93231
88,Estrada-Figueroa,brownrobert@yahoo.com,735-405-5163x7447
89,Esparza Group,kevin67@hotmail.com,001-549-202-9931x7153
90,Lopez and Sons,zlawrence@gmail.com,129-524-5830x091
91,"Foley, Dixon and Richards",hli@gmail.com,001-630-042-4056x602
92,Figueroa-Hall,daviescorey@gmail.com,965.834.5761
93,"Espinoza, Neal and Brooks",keithpowell@hotmail.com,001-528-177-4895
94,"Gomez, Scott and Carpenter",emily47@gmail.com,113.048.2753x159
95,Roberts Inc,karen12@cruz-lowery.com,001-608-692-5627x9350
96,Hernandez PLC,isims@moran.net,001-958-287-2272x7647
97,"Moody, Foster and Barnes",webbcharles@martinez.com,855-750-7337
98,"Miles, Santos and Mckay",barbercharles@gmail.com,708-246-1341x06884
99,Rice-Smith,murphybenjamin@love.com,001-711-741-0656x1633
100,Schmidt-Hughes,michael18@clark-morse.com,7937724052
