customer_id,first_name,last_name,email,created_at
1,Susan,Johnson,hendersonaaron@gonzalez.org,2023-11-27 22:36:22
2,Chad,Swanson,jaredmiller@yahoo.com,2021-11-01 03:43:48
3,John,Black,timothy93@yahoo.com,2020-09-22 21:46:30
4,Daniel,Petty,vkelly@hall.com,2024-04-03 15:21:22
5,Travis,Carroll,pamela98@yahoo.com,2023-02-13 07:27:22
6,Carrie,Howell,lauren20@smith.net,2020-12-04 14:43:37
7,Jeffrey,Cruz,fhoover@yahoo.com,2022-09-07 16:26:25
8,Heather,Stanley,monicacain@mcfarland-walker.com,2024-05-14 18:59:38
9,Gabrielle,Montgomery,jenna21@bates.com,2022-10-28 14:44:35
10,Johnny,Cox,albertrojas@gmail.com,2022-06-17 19:51:31
11,Antonio,Finley,jeremiah43@yahoo.com,2020-04-05 02:33:13
12,Timothy,Franco,matthew35@hotmail.com,2023-03-27 02:25:15
13,Kelsey,Payne,alicianichols@hotmail.com,2021-05-14 07:27:59
14,Amber,Kennedy,charlesgutierrez@yahoo.com,2021-10-16 12:46:47
15,Scott,Cook,valvarado@martin.com,2022-05-20 20:50:31
16,Melissa,Kerr,charlesmack@hotmail.com,2023-11-23 13:09:17
17,Brandon,Love,wallerwilliam@webb.info,2020-12-19 11:52:30
18,Bruce,Graves,zcisneros@yahoo.com,2023-07-27 14:23:16
19,Raymond,Turner,john13@hotmail.com,2023-03-18 09:45:33
20,Kathy,Wallace,collinstara@yahoo.com,2020-11-29 14:42:33
21,Clifford,Mcfarland,snyderkevin@hotmail.com,2022-08-23 03:50:06
22,Becky,Eaton,sandra05@reynolds.com,2022-05-21 21:20:48
23,Kimberly,Robinson,trosales@smith.biz,2022-02-16 01:48:52
24,Angela,Spears,carterjennifer@gomez.com,2020-10-15 01:34:19
25,Preston,Rice,gabriel29@yahoo.com,2024-07-06 20:46:37
26,Robert,Flores,sellerscaitlin@newton.com,2021-11-29 08:46:25
27,Joel,Russo,perezpatricia@yahoo.com,2023-08-25 19:40:24
28,Roberto,Miller,rwilliams@gmail.com,2023-08-06 12:36:00
29,Michael,Davis,gibsondavid@kelly.com,2024-01-24 08:09:42
30,Maureen,Mccarthy,khanson@cole.org,2021-08-16 16:07:51
31,Amanda,Brown,ubrown@garcia.com,2021-04-19 03:14:34
32,Adrian,Molina,daniel71@miller.com,2021-08-11 00:47:01
33,Alicia,Massey,reginamack@hotmail.com,2024-05-23 14:17:43
34,Juan,Long,brookeanderson@smith.info,2020-04-07 19:53:06
35,Thomas,Clark,brewermark@gmail.com,2020-06-03 03:15:27
36,Denise,Holloway,wallaceamy@gmail.com,2020-09-08 11:11:12
37,John,Velez,derrickvincent@mcdowell.com,2022-03-25 12:36:30
38,Adam,Delgado,lambertfelicia@patterson.org,2024-06-27 20:31:37
39,Kristy,Barron,tonytrujillo@yahoo.com,2022-01-27 21:40:19
40,Jessica,Brown,brenda56@gmail.com,2024-08-29 12:02:56
41,Jackie,Strickland,shelley53@wallace.com,2023-01-21 01:40:53
42,Justin,Li,yjackson@gmail.com,2020-08-28 06:09:42
43,Vanessa,Brandt,doylecarol@yahoo.com,2022-05-15 15:27:29
44,Kaitlyn,Coleman,daniel77@weaver.com,2022-09-10 13:01:29
45,Jonathan,York,cherylwhite@gmail.com,2024-05-03 07:53:46
46,Kara,Nelson,danielle58@rose-watson.org,2023-11-03 22:59:15
47,Tony,Aguilar,troy59@hotmail.com,2021-05-30 14:09:36
48,Jonathon,Gomez,mikaylawalker@gutierrez.com,2022-06-17 00:29:35
49,Matthew,Swanson,jasminemoore@yahoo.com,2024-03-09 17:47:06
50,Tina,Marquez,jennifer26@hotmail.com,2020-11-06 16:55:17
51,Robert,Gonzales,jennifermaynard@hernandez-sherman.biz,2020-02-11 17:09:15
52,Kim,Yoder,mark31@baker.com,2021-04-11 22:00:06
53,Max,Smith,ekirk@hotmail.com,2024-06-20 16:17:44
54,Beth,Johnson,kylemartin@rivera.com,2023-04-27 07:52:48
55,Tyler,Nguyen,chowe@gmail.com,2024-08-05 14:43:15
56,Peter,Martin,nrogers@gmail.com,2023-07-04 13:25:03
57,Teresa,Jones,gailmorris@taylor.com,2023-02-04 10:11:32
58,Nathaniel,James,brittany29@gmail.com,2022-03-18 03:31:23
59,Seth,Thompson,eric92@hotmail.com,2024-08-16 17:05:58
60,Kayla,Vargas,emily69@stone.org,2023-09-29 00:19:32
61,Joseph,Chavez,mark98@gmail.com,2020-06-05 19:14:11
62,Joanne,Riley,katiebrown@gmail.com,2020-12-19 10:00:17
63,Denise,Stewart,tylerbrooks@hotmail.com,2021-04-03 19:09:01
64,Joshua,Reid,edwinfuller@gmail.com,2020-10-25 17:28:45
65,Sara,Guerrero,jesseroberts@cox.org,2023-11-23 19:33:09
66,Angela,Cook,julia93@bray.com,2024-08-24 22:50:00
67,Todd,Lucas,martinezchristopher@james.com,2021-08-31 19:17:29
68,Gabriel,Chapman,josemorgan@hotmail.com,2022-05-27 07:35:34
69,Teresa,Mullins,paulthompson@gmail.com,2023-04-21 02:03:09
70,Paul,Hawkins,csingh@king.net,2023-03-24 05:13:31
71,Paul,Jacobs,deniseryan@glass.com,2022-04-09 20:38:55
72,Michelle,Alvarez,dillon00@hotmail.com,2022-06-15 09:08:28
73,Ronald,Robinson,taylorgarcia@lin.com,2024-02-07 06:45:20
74,Adam,Morris,nperez@bradley.org,2022-02-25 03:45:17
75,Rickey,Adams,nmiller@manning.com,2024-01-03 01:14:39
76,Stephanie,Taylor,bryantalejandro@hotmail.com,2022-12-04 15:37:34
77,Mark,Long,dillonbennett@tucker-chavez.com,2020-04-24 18:53:06
78,Diane,Long,perkinschristopher@macdonald.com,2022-08-13 14:14:17
79,Michael,Fields,brandon53@cobb.org,2021-03-16 23:06:10
80,Joshua,Rivera,mochoa@young-tapia.com,2024-05-06 11:09:46
81,John,Foster,robinsontanner@yahoo.com,2023-10-11 18:21:56
82,Katrina,Rose,arielbowman@hotmail.com,2022-02-15 04:45:00
83,Angel,Case,eolsen@yahoo.com,2023-03-10 06:54:41
84,Dylan,Gonzalez,hhoward@gmail.com,2021-12-19 20:20:22
85,Julie,Richard,robertwilliams@gmail.com,2023-03-15 05:43:09
86,Jasmine,Ramirez,littlegeorge@hotmail.com,2022-07-04 19:45:16
87,Christian,Rodriguez,derricksantiago@yahoo.com,2020-10-18 06:25:29
88,Rebecca,Aguilar,sarah33@ryan.org,2022-11-22 15:49:59
89,Courtney,Robinson,hughesemily@miller.com,2024-02-14 02:28:02
90,Anthony,Morris,rothalan@gmail.com,2024-09-05 01:01:26
91,Julia,Moore,ahuff@reid-morris.info,2022-05-02 09:21:59
92,Matthew,Merritt,madison79@yahoo.com,2021-12-06 14:06:11
93,Kelly,Wolfe,burtonsherri@hayes.com,2021-01-16 08:52:32
94,Beverly,Smith,carmen19@yahoo.com,2021-09-01 05:49:03
95,Hailey,Farmer,blanchardsarah@yahoo.com,2020-02-26 01:12:38
96,Isaiah,Rojas,marygonzalez@hotmail.com,2022-07-06 19:21:18
97,Nicholas,Duran,antoniowhitehead@hotmail.com,2021-03-27 15:07:28
98,Emily,Becker,karen99@gmail.com,2023-09-03 22:08:56
99,Sean,Trevino,deannajordan@obrien-larsen.net,2022-05-13 04:27:13
100,Elizabeth,Whitaker,martinlisa@yahoo.com,2023-04-16 12:09:40
